{"west_longitude": -75.35, "south_latitude": 10.4166666666667, "east_longitude": -74.3333333333333, "north_latitude": 11.4333333333333 }