{"west_longitude": -77.7666666666667, "south_latitude": 0.7, "east_longitude": -76.75, "north_latitude": 1.71666666666667 }