{"west_longitude": -76.2, "south_latitude": 4.3, "east_longitude": -75.1833333333333, "north_latitude": 5.31666666666667 }