{"west_longitude": -70.75, "south_latitude": 0.733333333333333, "east_longitude": -69.7333333333333, "north_latitude": 1.75 }