{"west_longitude": -75.8, "south_latitude": 2.43333333333333, "east_longitude": -74.7833333333333, "north_latitude": 3.45 }