{"west_longitude": -74.65, "south_latitude": 4.16666666666667, "east_longitude": -73.6333333333333, "north_latitude": 5.18333333333333 }