{"west_longitude": -4.05373473460064, "south_latitude": 45.4499226513968, "east_longitude": 10.0, "north_latitude": 48.1499671938551 }