{"west_longitude": 115.441666666667, "south_latitude": -33.4166666666667, "east_longitude": 116.083333333333, "north_latitude": -31.3333333333333 }