{"west_longitude": -73.5833333333333, "south_latitude": 9.93333333333333, "east_longitude": -73.5666666666667, "north_latitude": 10.95 }