{"west_longitude": -76.0666666666667, "south_latitude": 5.71666666666667, "east_longitude": -75.05, "north_latitude": 6.73333333333333 }