{"west_longitude": -77.0333333333333, "south_latitude": 2.93333333333333, "east_longitude": -76.0166666666667, "north_latitude": 3.95 }