{"west_longitude": -77.1666666666667, "south_latitude": 5.18333333333333, "east_longitude": -76.15, "north_latitude": 6.2 }