{"west_longitude": -82.2333333333333, "south_latitude": 12.0166666666667, "east_longitude": -81.2166666666667, "north_latitude": 13.0333333333333 }