{"west_longitude": -76.3833333333333, "south_latitude": 8.26666666666667, "east_longitude": -75.3666666666667, "north_latitude": 9.28333333333333 }