{"west_longitude": -71.2666666666667, "south_latitude": 6.58333333333333, "east_longitude": -70.25, "north_latitude": 7.6 }