{"west_longitude": -77.1166666666667, "south_latitude": 2.95, "east_longitude": -76.1, "north_latitude": 2.96666666666667 }