{"west_longitude": -75.6833333333333, "south_latitude": 3.91666666666667, "east_longitude": -74.6666666666667, "north_latitude": 4.93333333333333 }