{"west_longitude": -76.1333333333333, "south_latitude": 1.11666666666667, "east_longitude": -75.1166666666667, "north_latitude": 2.13333333333333 }