{"west_longitude": 7.7367772754414, "south_latitude": 41.3100821709321, "east_longitude": 10.0, "north_latitude": 43.0200472881681 }