{"west_longitude": 70.0166667, "south_latitude": 39.1333333, "east_longitude": 73.0166667, "north_latitude": 42.9 }