{"west_longitude": 76.0166667, "south_latitude": 40.1666667, "east_longitude": 79.0166667, "north_latitude": 43.0 }