{"west_longitude": -4.05378927743516, "south_latitude": 42.0, "east_longitude": 8.5, "north_latitude": 50.8499489398734 }