{"west_longitude": -73.0166666666667, "south_latitude": 7.38333333333333, "east_longitude": -72.0, "north_latitude": 8.4 }