{"west_longitude": -4.05379920354209, "south_latitude": 48.1498888194584, "east_longitude": 10.0, "north_latitude": 51.299958070717 }