{"west_longitude": -76.0166666666667, "south_latitude": 9.88333333333333, "east_longitude": -75.0, "north_latitude": 10.9 }