{"west_longitude": -73.8666666666667, "south_latitude": 5.03333333333333, "east_longitude": -72.85, "north_latitude": 6.05 }