{"west_longitude": -4.05379920354209, "south_latitude": 48.1498888194584, "east_longitude": 8.5, "north_latitude": 51.2999493112821 }