{"west_longitude": -73.7, "south_latitude": 6.56666666666667, "east_longitude": -72.6833333333333, "north_latitude": 7.58333333333333 }