{"west_longitude": -75.2333333333333, "south_latitude": 8.3, "east_longitude": -74.2166666666667, "north_latitude": 9.31666666666667 }