{"west_longitude": -68.4166666666667, "south_latitude": 3.33333333333333, "east_longitude": -67.4, "north_latitude": 4.35 }