{"west_longitude": 8.0, "south_latitude": 41.3100829886572, "east_longitude": 10.0, "north_latitude": 43.0200472881681 }