{"west_longitude": 73.0166667, "south_latitude": 39.25, "east_longitude": 76.0166667, "north_latitude": 43.3333333 }