{"west_longitude": -68.0166666666667, "south_latitude": 5.66666666666667, "east_longitude": -67.0, "north_latitude": 6.68333333333333 }