{"west_longitude": -70.45, "south_latitude": -4.7, "east_longitude": -69.4333333333333, "north_latitude": -3.68333333333333 }