{"west_longitude": -74.7333333333333, "south_latitude": 10.7166666666667, "east_longitude": -73.7166666666667, "north_latitude": 11.7333333333333 }