{"west_longitude": -73.4166666666667, "south_latitude": 11.0333333333333, "east_longitude": -72.4, "north_latitude": 12.05 }