{"west_longitude": -72.9333333333333, "south_latitude": 4.85, "east_longitude": -71.9166666666667, "north_latitude": 5.86666666666667 }