{"west_longitude": -76.1833333333333, "south_latitude": 4.01666666666667, "east_longitude": -75.1666666666667, "north_latitude": 5.03333333333333 }