{"west_longitude": -4.05373473460064, "south_latitude": 45.4499226513968, "east_longitude": 8.5, "north_latitude": 48.1499588287054 }