{"west_longitude": -4.05379920354209, "south_latitude": 41.310015543796, "east_longitude": 10.0, "north_latitude": 51.299958070717 }