{"west_longitude": -76.0166666666667, "south_latitude": 4.56666666666667, "east_longitude": -75.0, "north_latitude": 5.58333333333333 }