{"west_longitude": -4.05378927743516, "south_latitude": 41.310015543796, "east_longitude": 10.0, "north_latitude": 50.8499576445959 }