{"west_longitude": -73.15, "south_latitude": 2.05, "east_longitude": -72.1333333333333, "north_latitude": 3.06666666666667 }