{"west_longitude": -84.502368, "south_latitude": 33.590879, "east_longitude": -84.351204, "north_latitude": 33.68427937 }