{"west_longitude": -4.05368768512203, "south_latitude": 42.2999888396489, "east_longitude": 8.5, "north_latitude": 45.4499896606067 }