{"west_longitude": -74.1333333333333, "south_latitude": 3.65, "east_longitude": -73.1166666666667, "north_latitude": 4.66666666666667 }